company_name,id_value,phone,state,website
Cody Swayze,9694865750,9315888358,Tennessee,
ATL Solar Group,6898964823,770.702.1618,Georgia,http://www.atlsolargroup.org
Advanced Sun Control,6899405673,(706) 851-6398,GA,www.advancedsuncontrol.com
CoolVu ,9370057267,4043131291,GA,www.CoolVu.com
Blues Discount Glass,8877185831,+13345449752,Alabama,https://www.bluesdiscountglassllc.com/
Caldwell Tinting & Audio,8380626501,9013170757,TN,www.caldwelltintingandaudio.com
Boglas Folien & Design AG,6899367971,+41 61 462 00 30,Basel-Land,http://www.boglas.ch
AUDAX-Keck GmbH,6899405680,49705116250,Baden-Wurttemberg,http://www.audax.de
AB spolocnost,6899272373,4.22E+11,Bratislava,http://www.autofolie-johnson.eu
Aparecida,8567130807,6293727852,NU,Brenoinsulfilm.com
Biosafe Ltda,6899367972,313.390.4204,CUN,biosafe.com
American Window Film Inc.,6899272357,508-549-0300,Massachusetts,http://www.americanwindowfilm.com
Boglas Folien & Design AG,6899367971,+41 61 462 00 30,Basel-Land,http://www.boglas.ch
AUDAX-Keck GmbH,6899405680,49705116250,Baden-Wurttemberg,http://www.audax.de
AB spolocnost,6899272373,4.22E+11,Bratislava,http://www.autofolie-johnson.eu
Aparecida,8567130807,6293727852,NU,Brenoinsulfilm.com
Biosafe Ltda,6899367972,313.390.4204,CUN,biosafe.com
American Window Film Inc.,6899272357,508-549-0300,Massachusetts,http://www.americanwindowfilm.com
Boglas Folien & Design AG,6899367971,+41 61 462 00 30,Basel-Land,http://www.boglas.ch
AUDAX-Keck GmbH,6899405680,49705116250,Baden-Wurttemberg,http://www.audax.de
AB spolocnost,6899272373,4.22E+11,Bratislava,http://www.autofolie-johnson.eu
Berkayly,7178124128,+1 514-990-8077,Quebec,berkayly.com
Concord Window Film,7879390894,978-298-5490,MA,www.windowfilm.com
American Window Film Inc.,6899272357,508-549-0300,Massachusetts,http://www.americanwindowfilm.com
AB spolocnost,6899272373,4.22E+11,Bratislava,http://www.autofolie-johnson.eu
AUDAX-Keck GmbH,6899405680,49705116250,Baden-Wurttemberg,http://www.audax.de
Boglas Folien & Design AG,6899367971,+41 61 462 00 30,Basel-Land,http://www.boglas.ch
Changzhou Sanyou Dissan Protective Materials Mfg Co,6899298101,86 519 86362801,Jiangsu,http://www.sanyoudissan.org
Climate Control Window Solutions  ,7597849767,,AK,
Berkayly,7178124128,+1 514-990-8077,Quebec,berkayly.com
Boglas Folien & Design AG,6899367971,+41 61 462 00 30,Basel-Land,http://www.boglas.ch
AUDAX-Keck GmbH,6899405680,49705116250,Baden-Wurttemberg,http://www.audax.de
AB spolocnost,6899272373,4.22E+11,Bratislava,http://www.autofolie-johnson.eu
American Window Film Inc.,6899272357,508-549-0300,Massachusetts,http://www.americanwindowfilm.com
Concord Window Film,7879390894,978-298-5490,MA,www.windowfilm.com
Berkayly,7178124128,+1 514-990-8077,Quebec,berkayly.com
Boglas Folien & Design AG,6899367971,+41 61 462 00 30,Basel-Land,http://www.boglas.ch
AUDAX-Keck GmbH,6899405680,49705116250,Baden-Wurttemberg,http://www.audax.de
AB spolocnost,6899272373,4.22E+11,Bratislava,http://www.autofolie-johnson.eu
American Window Film Inc.,6899272357,508-549-0300,Massachusetts,http://www.americanwindowfilm.com
Concord Window Film,7879390894,978-298-5490,MA,www.windowfilm.com
Berkayly,7178124128,+1 514-990-8077,Quebec,berkayly.com
Cody Swayze,9694865750,9315888358,Tennessee,
ATL Solar Group,6898964823,770.702.1618,Georgia,http://www.atlsolargroup.org
Advanced Sun Control,6899405673,(706) 851-6398,GA,www.advancedsuncontrol.com
CoolVu ,9370057267,4043131291,GA,www.CoolVu.com
Blues Discount Glass,8877185831,+13345449752,Alabama,https://www.bluesdiscountglassllc.com/
Caldwell Tinting & Audio,8380626501,9013170757,TN,www.caldwelltintingandaudio.com
Boglas Folien & Design AG,6899367971,+41 61 462 00 30,Basel-Land,http://www.boglas.ch
AUDAX-Keck GmbH,6899405680,49705116250,Baden-Wurttemberg,http://www.audax.de
AB spolocnost,6899272373,4.22E+11,Bratislava,http://www.autofolie-johnson.eu
Aparecida,8567130807,6293727852,NU,Brenoinsulfilm.com
Biosafe Ltda,6899367972,313.390.4204,CUN,biosafe.com
American Window Film Inc.,6899272357,508-549-0300,Massachusetts,http://www.americanwindowfilm.com
Blues Discount Glass,8877185831,+13345449752,Alabama,https://www.bluesdiscountglassllc.com/
A&R Custom Tinting LLC,6899395848,+18502326760,FL,https://www.windowtintingemeraldcoast.com/
ATL Solar Group,6898964823,770.702.1618,Georgia,http://www.atlsolargroup.org
CoolVu ,9370057267,4043131291,GA,www.CoolVu.com
Clear Choice LLC,6899272361,662-227-1927,Mississippi,https://dktruckoutfitters.com/
Advanced Sun Control,6899405673,(706) 851-6398,GA,www.advancedsuncontrol.com
AB spolocnost,6899272373,4.22E+11,Bratislava,http://www.autofolie-johnson.eu
AUDAX-Keck GmbH,6899405680,49705116250,Baden-Wurttemberg,http://www.audax.de
Boglas Folien & Design AG,6899367971,+41 61 462 00 30,Basel-Land,http://www.boglas.ch
Changzhou Sanyou Dissan Protective Materials Mfg Co,6899298101,86 519 86362801,Jiangsu,http://www.sanyoudissan.org
Climate Control Window Solutions  ,7597849767,,AK,
Berkayly,7178124128,+1 514-990-8077,Quebec,berkayly.com
"Techno-Sell (Frey) Co.,Ltd",6898928650,+668852500,Central Thailand,www.laminafilms.com
NULL,6899395847,NULL,NULL,None
XPEL Inc.,6899272372,210-678-3700,Texas,www.xpel.com
Madico-Florida,6899367970,7273882150,FL,www.madico.com
Madico Canada-West,6899327396,6042785058,BC,www.madico.com
Madico Canada-East,6898981685,905.469.6677,Ontario,www.Madico.com
Madico-Florida,6899367970,7273882150,FL,www.madico.com
Madico Canada-East,6898981685,905.469.6677,Ontario,www.Madico.com
NULL,6899395847,NULL,NULL,None
Madico Canada-West,6899327396,6042785058,BC,www.madico.com
JP.SCHWEIZER S.A,6899309354,41223436868,Gen√®ve,None
Boglas Folien & Design AG,6899367971,+41 61 462 00 30,Basel-Land,http://www.boglas.ch
